folder,corpus_nutts,corpus_nutts_single_word,corpus_mattr,corpus_entropy,words_tokens,words_types,words_hapaxes,syllables_tokens,syllables_types,syllables_hapaxes,phones_tokens,phones_types,phones_hapaxes
results_final//Chintang-stats.txt,160524,41178,0.8700627753912294,0.006970778705836801,459585,48161,30165,459585,48161,30165,2017871,54,3
results_final//Indonesian-stats.txt,399606,106199,0.8546598332397853,0.00936958501507166,1179505,20573,7632,1179505,20573,7632,4848428,30,0
results_final//Inuktitut-stats.txt,13166,7733,0.9026230996142286,0.0013638896714621858,22045,11101,8548,22045,11101,8548,188782,30,0
results_final//Japanese-stats.txt,242774,89181,0.8677583389103288,0.013078371846673579,741594,24784,12181,741594,24784,12181,2919149,47,2
results_final//Russian-stats.txt,468397,155061,0.9068237579100121,0.008723100959300782,1302650,47420,20568,1302650,47420,20568,5827078,33,0
results_final//Sesotho-stats.txt,23539,6593,0.8604750540203782,0.01152490855070885,62024,7973,4751,62024,7973,4751,265571,42,3
results_final//Turkish-stats.txt,249507,51032,0.8588568543195619,0.004855895596380288,875349,58451,31507,875349,58451,31507,4305395,32,0
results_final//Yucatec-stats.txt,29795,7023,0.9237807926552969,0.008039865884805942,88018,14730,9358,88018,14730,9358,334645,47,0
